season,team_code,team_name,game_count,plate_appearance_count,hit_count,home_run_count,home_runs_per_game,batting_strikeout_rate,batting_walk_rate,batting_whiff_rate,avg_velocity,pitching_strikeout_rate,pitching_walk_rate,pitching_whiff_rate,hits_allowed,home_runs_allowed,win_count,loss_count,draw_count,win_rate,run_differential_per_game
2024,HH,한화 이글스,144,5708,1351,128,0.8888888888888888,0.17133847231955152,0.08969866853538892,0.21724000795386758,136.36257050228716,0.18146920258244634,0.08741929855173618,0.21662271706221312,1437,131,66,76,2,0.4647887323943662,-0.24305555555555555
2024,HT,KIA 타이거즈,144,5815,1542,165,1.1458333333333333,0.14428202923473774,0.08787618228718831,0.19202143495087823,136.75830143327696,0.17899844047825333,0.09114538208282794,0.22234273318872017,1365,142,87,55,2,0.6126760563380281,0.6875
2024,KT,kt wiz,144,5803,1413,147,1.0208333333333333,0.1792485349879352,0.09686315063771113,0.21708185053380782,135.14818395249276,0.1791958041958042,0.0736013986013986,0.2115033182648841,1448,155,72,70,2,0.5070422535211268,-0.2569444444444444
2024,LG,LG 트윈스,144,5744,1395,117,0.8125,0.15798641351680892,0.10416303779829297,0.18962887646161666,135.5848469824672,0.1690931415541133,0.09103666023504649,0.20835832833433313,1375,129,76,66,2,0.5352112676056338,0.5555555555555556
2024,LT,롯데 자이언츠,144,5775,1454,128,0.8888888888888888,0.16900432900432902,0.08346320346320346,0.21294363256784968,135.53320581824653,0.17631761442441055,0.08755201109570042,0.22525697503671072,1442,140,66,74,4,0.4714285714285714,0.0763888888888889
2024,NC,NC 다이노스,144,5762,1371,173,1.2013888888888888,0.19038528288788614,0.08660187434918432,0.23048573048573048,135.09516541724648,0.1717490361023484,0.0914826498422713,0.21295279912184412,1389,140,61,81,2,0.4295774647887324,-0.19444444444444445
2024,OB,두산 베어스,144,5691,1373,153,1.0625,0.17293497363796134,0.08664323374340949,0.21738273551438708,137.51848299912817,0.17510402219140084,0.09951456310679611,0.2236331911593641,1332,137,74,68,2,0.5211267605633803,0.2847222222222222
2024,SK,SSG 랜더스,144,5651,1367,153,1.0625,0.1789063882498673,0.08104760219430189,0.21361432670426436,136.10151948909933,0.18915620641562064,0.10564853556485355,0.23566752628446735,1342,165,72,70,2,0.5070422535211268,-0.4027777777777778
2024,SS,삼성 라이온즈,144,5692,1336,185,1.2847222222222223,0.18555614127569847,0.0910209102091021,0.22900763358778625,133.9627607197207,0.15937445088736601,0.08065366367949393,0.19853300733496332,1384,166,78,64,2,0.5492957746478874,0.3541666666666667
2024,WO,키움 히어로즈,144,5671,1326,106,0.7361111111111112,0.182010582010582,0.08500881834215168,0.2269170579029734,136.2594190794358,0.1503588307369158,0.08436898302117976,0.19224522939504668,1414,150,58,86,0,0.4027777777777778,-0.8611111111111112
2025,HH,한화 이글스,144,5552,1304,117,0.8125,0.1666366420464781,0.07476130426950099,0.21814939568060235,140.29531867929734,0.21717724288840262,0.07932166301969365,0.2571111559410934,1185,104,83,57,4,0.5928571428571429,0.9375
2025,HT,KIA 타이거즈,143,5590,1268,148,1.034965034965035,0.19373881932021467,0.09033989266547406,0.23168671106251865,138.26841687298548,0.16995692749461594,0.08704235463029433,0.21189166753138944,1309,110,64,75,4,0.460431654676259,-0.48951048951048953
2025,KT,kt wiz,143,5538,1220,106,0.7412587412587412,0.17045864933188876,0.09606356085229324,0.1988623933493765,137.21471039509015,0.17413294797687862,0.07225433526011561,0.22213446539638662,1353,113,70,68,5,0.5072463768115942,-0.06993006993006994
2025,LG,LG 트윈스,143,5675,1358,130,0.9090909090909091,0.15647577092511014,0.10220264317180616,0.19526872795185723,137.63799400636825,0.1698665203876394,0.08630462607423661,0.21537503890445067,1229,93,85,55,3,0.6071428571428571,1.4335664335664335
2025,LT,롯데 자이언츠,142,5593,1299,74,0.5211267605633803,0.1621669944573574,0.08868228142320758,0.20119784793421988,139.26724767293302,0.1847156189469977,0.09508716323296355,0.23257242297062136,1332,125,65,71,6,0.47794117647058826,-0.5070422535211268
2025,NC,NC 다이노스,143,5544,1244,127,0.8881118881118881,0.17712842712842713,0.08856421356421357,0.21908127208480566,137.2318311364446,0.17003188097768332,0.10343606092809068,0.2124858582741952,1267,147,71,66,6,0.5182481751824818,-0.1958041958041958
2025,OB,두산 베어스,143,5538,1286,105,0.7342657342657343,0.18959913326110509,0.08017334777898158,0.23966613672496026,138.89855868222375,0.17379583033788643,0.09291876347951114,0.21423436376707405,1217,110,60,77,6,0.43795620437956206,-0.3146853146853147
2025,SK,SSG 랜더스,143,5481,1238,124,0.8671328671328671,0.190658638934501,0.08556832694763729,0.23230298554699863,138.5642197556198,0.19870848708487085,0.08929889298892989,0.23467362924281984,1158,113,74,65,4,0.5323741007194245,0.21678321678321677
2025,SS,삼성 라이온즈,141,5546,1306,161,1.1418439716312057,0.17399927875946627,0.09394157951676885,0.21535893155258765,138.44759615384615,0.1747122168585221,0.08002227998514667,0.21174135589679308,1229,133,73,66,2,0.5251798561151079,0.9078014184397163
2025,WO,키움 히어로즈,143,5473,1195,103,0.7202797202797203,0.1967842134112918,0.0778366526585054,0.24441312663579626,136.98680152394775,0.14567815693746752,0.09197990646111208,0.1856134247416351,1439,147,47,92,4,0.3381294964028777,-1.916083916083916
